{"Question open": 0.13756226193964255, "Provide information": 0.1010840902431878, "Reflection simple": 0.14181072370348666, "Provide suggestion": 0.07705830647524173, "Other": 0.3139466744799297, "Question closed": 0.09712862584236742, "Reflection complex": 0.13140931731614416}