{"Question": 0.20684588593818024, "Affirmation and Reassurance": 0.15384196778406617, "Others": 0.1818132346538964, "Information": 0.06611885067479321, "Self-disclosure": 0.09321941663038746, "Providing Suggestions": 0.1607531562908141, "Restatement or Paraphrasing": 0.059262080975185025, "Reflection of feelings": 0.0781454070526774}